id,law_ref,old_position,new_position,signed_shift,absolute_shift,nearest_same_article_gap_in_shuffled_order
FLEXID-0001,"C. civ., art. 1240",1,311,310,310,394
FLEXID-0002,"C. civ.,  art. 1353",2,714,712,712,
FLEXID-0003,"C. civ.,  art. 1240",3,646,643,643,
FLEXID-0004,"C. civ.,  art. 1143",4,324,320,320,
FLEXID-0005,"C. civ., art. 1240",5,705,700,700,394
FLEXID-0006,"Code civil, art. 1124",6,331,325,325,
FLEXID-0007,"Code civil, art. 1123",7,264,257,257,331
FLEXID-0008,"Code civil, art. 1123",8,595,587,587,331
FLEXID-0009,"Code civil, art. 1123",9,926,917,917,331
FLEXID-0010,"Code civil, art. 1182",10,690,680,680,331
FLEXID-0011,"Code civil, art. 1182",11,359,348,348,331
FLEXID-0012,Code civil (art. 1172),12,674,662,662,
FLEXID-0013,Code civil Article 1231-1,13,166,153,153,331
FLEXID-0014,Code civil 1242,14,319,305,305,331
FLEXID-0015,Code civil 1242,15,650,635,635,331
FLEXID-0016,Code civil Art. 320,16,636,620,620,
FLEXID-0017,Code civil Art.320,17,316,299,299,338
FLEXID-0018,Code civil Art. 161,18,996,978,978,331
FLEXID-0019,Code civil Art. 161,19,665,646,646,331
FLEXID-0020,Code civil Art. 161,20,334,314,314,331
FLEXID-0021,Code civil article 312,21,656,635,635,
FLEXID-0022,C. civ. art. 312,22,1000,978,978,331
FLEXID-0023,C. civ. art. 312,23,669,646,646,331
FLEXID-0024,C. civ. art. 1242 al. 4,24,321,297,297,394
FLEXID-0025,C. civ. art. 1242 al. 4,25,715,690,690,394
FLEXID-0026,C. civ. art. 9,26,134,108,108,331
FLEXID-0027,C. civ. art. 9,27,465,438,438,331
FLEXID-0028,C. civ. art. 311-21 al. 1,28,1001,973,973,331
FLEXID-0029,C. civ. art. 311-21 al. 1,29,670,641,641,331
FLEXID-0030,C. civ. art. 311-21 al. 1,30,339,309,309,331
FLEXID-0031,C. civ. art. 1124 al. 1,31,647,616,616,
FLEXID-0032,"C. civ., art. 1124",32,648,616,616,
FLEXID-0033,"C. civ., art. 1113",33,706,673,673,331
FLEXID-0034,"C. civ. art. 1242, al. 1",34,677,643,643,
FLEXID-0035,"Civ. 2e, 8 mai 1964",35,638,603,603,
FLEXID-0036,"Cass. ch. réunies, 2 déc. 1941, Franck",36,687,651,651,
FLEXID-0037,C. civ. art. 1100-1,37,278,241,241,331
FLEXID-0038,"C. civ. art. 1359""",38,662,624,624,
FLEXID-0039,C. civ. art. 1360,39,306,267,267,331
FLEXID-0040,C. civ. art. 1358,40,305,265,265,505
FLEXID-0041,"Cour de Cassation, Chambre civile 2, du 19 juin 2003, 00-22.302, Publié au bulletin",41,699,658,658,
FLEXID-0042,C. civ. art. 60 alinea 1,42,270,228,228,331
FLEXID-0043,urisprudence (CE) / C. civ. art. 61,43,704,661,661,
FLEXID-0044,Jurisprudence (CE) / C. civ. art. 61,44,685,641,641,
FLEXID-0045,C. civ. art. 61-5,45,998,953,953,331
FLEXID-0046,C. civ. art. 60 alinéa 1 et  2,46,310,264,264,371
FLEXID-0047,C. civ. art. 60 alinéa 4,47,989,942,942,573
FLEXID-0048,Code civil art 57 alinéa 1 et 2,48,661,613,613,
FLEXID-0049,Code civil art. 55,49,639,590,590,
FLEXID-0050,C. civ. art. 55,50,229,179,179,331
FLEXID-0051,C. civ. art. 61-5,51,667,616,616,331
FLEXID-0052,C. civ. art. 60,52,723,671,671,331
FLEXID-0053,C. civ. art. 61-5,53,336,283,283,331
FLEXID-0054,C. civ. art. 57,54,995,941,941,331
FLEXID-0055,C. civ. art. 233,55,307,252,252,526
FLEXID-0056,C. civ. art. 312,56,338,282,282,331
FLEXID-0057,civ. art. 317 (al. 2),57,309,252,252,611
FLEXID-0058,C. civ. art. 317 (al. 3),58,303,245,245,685
FLEXID-0059,C. civ. art. 317,59,632,573,573,
FLEXID-0060,C. civ. art. 311-25,60,235,175,175,331
FLEXID-0061,C. civ. art. 229-1,61,199,138,138,331
FLEXID-0062,C. civ. art. 242,62,242,180,180,331
FLEXID-0063,C. civ. art. 238,63,355,292,292,331
FLEXID-0064,"Cass. Ch. Mixte, 26 mai 2006",64,737,673,673,
FLEXID-0065,"Cass. Civ. 1, 16 juillet 1985",65,651,586,586,
FLEXID-0066,C. civ. art. 1132,66,184,118,118,331
FLEXID-0067,Dispositions transitoires réforme 2016(Ordonnance n° 2016-131 (Art. 9),67,769,702,702,
FLEXID-0068,C. civ. art. 1128,68,315,247,247,360
FLEXID-0069,C. civ. art. 1136,69,767,698,698,331
FLEXID-0070,C. civ. art. 1136,70,436,366,366,331
FLEXID-0071,C. civ. art. 1172,71,302,231,231,331
FLEXID-0072,C. civ. art. 1182 al. 3,72,640,568,568,
FLEXID-0073,C. civ. art. 1100 al. 2,73,730,657,657,356
FLEXID-0074,"Cass. Civ. 1re, 4 nov. 2011 (Arrêt Eurochallenges)",74,703,629,629,
FLEXID-0075,C. civ. art. 1164,75,981,906,906,531
FLEXID-0076,C. civ. art. 1137 al. 3,76,240,164,164,331
FLEXID-0077,C. civ. art. 1112-1,77,840,763,763,443
FLEXID-0078,C. civ. art. 16,78,676,598,598,331
FLEXID-0079,C. civ. art. 16,79,345,266,266,331
FLEXID-0080,Code civil,80,775,695,695,
FLEXID-0081,C. civ. art. 2276,81,994,913,913,331
FLEXID-0082,C. civ. art. 2276,82,663,581,581,331
FLEXID-0083,C. civ. art. 2276,83,332,249,249,331
FLEXID-0084,C. civ. art. 2274,84,320,236,236,358
FLEXID-0085,"Cass. Civ. 1re, 23 mars 1965, n°63-11.238",85,855,770,770,
FLEXID-0086,Code civil 1401,86,786,700,700,331
FLEXID-0087,C. civ. art. 815-13,87,708,621,621,331
FLEXID-0088,C. civ. art. 815-13,88,377,289,289,331
FLEXID-0089,C. civ. art. 1426,89,927,838,838,468
FLEXID-0090,Code civil 1426,90,330,240,240,
FLEXID-0091,C. civ. art. 1421,91,234,143,143,331
FLEXID-0092,Code civil 1402,92,313,221,221,468
FLEXID-0093,C. civ. art. 1401,93,652,559,559,
FLEXID-0094,C. civ. art. 1426,94,459,365,365,331
FLEXID-0095,C. civ. art. 815,95,734,639,639,331
FLEXID-0096,C. civ. art. 815,96,403,307,307,331
FLEXID-0097,C. civ. art. 815-13,97,46,-51,51,331
FLEXID-0098,C. civ. art. 1240,98,140,42,42,331
FLEXID-0099,C. civ. art. 1353,99,218,119,119,331
FLEXID-0100,C. civ. art. 1240,100,471,371,371,331
FLEXID-0101,C. civ. art. 1143,101,318,217,217,417
FLEXID-0102,C. civ. art. 1240,102,802,700,700,331
FLEXID-0103,C. civ. art. 1124,103,641,538,538,
FLEXID-0104,C. civ. art. 1123,104,328,224,224,
FLEXID-0105,C. civ. art. 60,105,392,287,287,331
FLEXID-0106,C. civ. art. 57,106,664,558,558,331
FLEXID-0107,Code civil 61-5,107,831,724,724,
FLEXID-0108,C. civ. art. 57,108,333,225,225,331
FLEXID-0109,C. civ. art. 55,109,560,451,451,331
FLEXID-0110,C. civ. art. 1242 al. 1,110,323,213,213,336
FLEXID-0111,C. civ. art. 1242,111,317,206,206,656
FLEXID-0112,C. civ. art. 1242,112,973,861,861,656
FLEXID-0113,Code civil 815-17  ali. 2-3,113,635,522,522,
FLEXID-0114,Code civil 815-17 al.2-3,114,863,749,749,
FLEXID-0115,Code civil 815-17 al. 1,115,644,529,529,
FLEXID-0116,Code civil 815-17 al. 2-3,116,630,514,514,
FLEXID-0117,Code civil 215,117,148,31,31,331
FLEXID-0118,Code civil 215,118,479,361,361,331
FLEXID-0119,Code civil 215,119,991,872,872,512
FLEXID-0120,Code civil 2300,120,312,192,192,489
FLEXID-0121,Code civil  2300,121,642,521,521,
FLEXID-0122,Code civil 2300,122,801,679,679,489
FLEXID-0123,Code civil 1589 al.1,123,259,136,136,331
FLEXID-0124,Code civil 1589 al.1,124,590,466,466,331
FLEXID-0125,Code civil 1589 al.1,125,921,796,796,331
FLEXID-0126,Code civil 1196,126,1002,876,876,331
FLEXID-0127,Code civil 1196,127,671,544,544,331
FLEXID-0128,Code civil 1196,128,340,212,212,331
FLEXID-0129,Code civil 1196,129,9,-120,120,331
FLEXID-0130,Code civil 16-7,130,997,867,867,331
FLEXID-0131,"Jurisprudence Ass. Plén., 31 mai 1991",131,203,72,72,331
FLEXID-0132,Code civil 16-7,132,666,534,534,331
FLEXID-0133,Code civil 16-7,133,335,202,202,331
FLEXID-0134,"Jurisprudence Ass. Plén., 31 mai 1991",134,534,400,400,331
FLEXID-0135,"Jurisprudence Ass. Plén., 31 mai 1991",135,865,730,730,331
FLEXID-0136,"Ass. Plén., 3 juill. 2015",136,986,850,850,642
FLEXID-0137,"Ass. Plén., 3 juill. 2015",137,344,207,207,331
FLEXID-0138,"Ass. Plén., 3 juill. 2015",138,13,-125,125,331
FLEXID-0139,Art. 1193 C. civ.,139,783,644,644,331
FLEXID-0140,Art. 1193 C. civ.,140,452,312,312,331
FLEXID-0141,Art. 1193 C. civ.,141,121,-20,20,331
FLEXID-0142,Code civil 1195,142,322,180,180,451
FLEXID-0143,Art. 1195 C. civ.,143,329,186,186,
FLEXID-0144,Code civil 1195,144,773,629,629,451
FLEXID-0145,Art. 1422 C. civ.,145,326,181,181,
FLEXID-0146,Art. code civil 1422,146,874,728,728,
FLEXID-0147,Code civil 1422,147,327,180,180,
FLEXID-0148,Code civil 371-1,148,290,142,142,331
FLEXID-0149,Code civil 371-1,149,621,472,472,331
FLEXID-0150,Code civil 371-1,150,952,802,802,331
FLEXID-0151,Code civil 544,151,181,30,30,331
FLEXID-0152,Code civil 544,152,512,360,360,331
FLEXID-0153,Code civil 544,153,843,690,690,331
FLEXID-0154,Code civil 893,154,711,557,557,331
FLEXID-0155,Code civil 893,155,380,225,225,331
FLEXID-0156,Code civil 893,156,49,-107,107,331
FLEXID-0157,Art. 515-14 C. civ.,157,301,144,144,354
FLEXID-0158,Code civil 515-14,158,314,156,156,331
FLEXID-0159,Code civil 515-14,159,645,486,486,331
FLEXID-0160,Code civil 1129,160,308,148,148,345
FLEXID-0161,Code civil 1129,161,653,492,492,345
FLEXID-0162,Code civil  1129,162,682,520,520,
FLEXID-0163,Code civil 414-1,163,870,707,707,416
FLEXID-0164,Code civil 414-1,164,454,290,290,331
FLEXID-0165,Code civil 414-1,165,123,-42,42,331
FLEXID-0166,Art. 1644 C. civ.,166,658,492,492,
FLEXID-0167,Code civil 1644,167,304,137,137,380
FLEXID-0168,Code civil 1644,168,684,516,516,380
FLEXID-0169,C. civ. art. 1136,169,105,-64,64,331
FLEXID-0170,C. civ. art. 1143,170,735,565,565,417
FLEXID-0171,C. civ. art. 1172,171,633,462,462,331
FLEXID-0172,"Code civil, art. 1182",172,28,-144,144,331
FLEXID-0173,C. civ. art. 1353,173,549,376,376,331
FLEXID-0174,C. civ. art. 1353,174,880,706,706,331
FLEXID-0175,Code civil 16-7,175,4,-171,171,331
FLEXID-0176,Code civil Art. 161,176,3,-173,173,331
FLEXID-0177,C. civ. art. 2276,177,1,-176,176,331
FLEXID-0178,C. civ. art. 55,178,891,713,713,331
FLEXID-0179,C. civ. art. 311-21 al. 1,179,8,-171,171,331
FLEXID-0180,Code civil 312,180,643,463,463,
FLEXID-0181,civ. art. 317 (al. 2),181,920,739,739,611
FLEXID-0182,C. civ. art. 317 (al. 3),182,988,806,806,685
FLEXID-0183,Code civil Art.320,183,654,471,471,338
FLEXID-0184,C. civ. art. 57,184,2,-182,182,331
FLEXID-0185,C. civ. art. 60,185,61,-124,124,331
FLEXID-0186,C. civ. art. 9,186,796,610,610,331
FLEXID-0187,C. civ. art. 1426,187,128,-59,59,331
FLEXID-0188,Art. 515-14 C. civ.,188,655,467,467,354
FLEXID-0189,C. civ. art. 1100 al. 2,189,374,185,185,331
FLEXID-0190,C. civ. art. 1100 al. 2,190,43,-147,147,331
FLEXID-0191,C. civ. art. 1100-1,191,609,418,418,331
FLEXID-0192,C. civ. art. 1100-1,192,940,748,748,331
FLEXID-0193,C. civ. art. 1112-1,193,397,204,204,331
FLEXID-0194,C. civ. art. 1112-1,194,66,-128,128,331
FLEXID-0195,"C. civ., art. 1113",195,375,180,180,331
FLEXID-0196,"C. civ., art. 1113",196,44,-152,152,331
FLEXID-0197,C. civ. art. 1128,197,675,478,478,360
FLEXID-0198,C. civ. art. 1132,198,515,317,317,331
FLEXID-0199,C. civ. art. 1132,199,846,647,647,331
FLEXID-0200,C. civ. art. 1137 al. 3,200,571,371,371,331
FLEXID-0201,C. civ. art. 1137 al. 3,201,902,701,701,331
FLEXID-0202,C. civ. art. 1164,202,450,248,248,331
FLEXID-0203,C. civ. art. 1164,203,119,-84,84,331
FLEXID-0204,Code civil Article 1231-1,204,497,293,293,331
FLEXID-0205,Code civil Article 1231-1,205,828,623,623,331
FLEXID-0206,C. civ. art. 1358,206,810,604,604,505
FLEXID-0207,C. civ. art. 1359,207,649,442,442,
FLEXID-0208,C. civ. art. 1360,208,637,429,429,331
FLEXID-0209,Code civil 1401,209,455,246,246,331
FLEXID-0210,Code civil 1401,210,124,-86,86,331
FLEXID-0211,Code civil 1402,211,781,570,570,468
FLEXID-0212,C. civ. art. 1421,212,565,353,353,331
FLEXID-0213,C. civ. art. 1421,213,896,683,683,331
FLEXID-0214,C. civ. art. 2274,214,678,464,464,358
FLEXID-0215,C. civ. art. 229-1,215,530,315,315,331
FLEXID-0216,C. civ. art. 229-1,216,861,645,645,331
FLEXID-0217,C. civ. art. 233,217,833,616,616,526
FLEXID-0218,C. civ. art. 238,218,727,509,509,372
FLEXID-0219,C. civ. art. 238,219,24,-195,195,331
FLEXID-0220,C. civ. art. 1242 al. 1,220,659,439,439,336
FLEXID-0221,C. civ. art. 242,221,573,352,352,331
FLEXID-0222,C. civ. art. 311-25,222,566,344,344,331
FLEXID-0223,C. civ. art. 311-25,223,897,674,674,331
FLEXID-0224,C. civ. art. 60 alinea 1,224,601,377,377,331
FLEXID-0225,C. civ. art. 60 alinéa 1 et  2,225,681,456,456,371
FLEXID-0226,C. civ. art. 60 alinéa 4,226,416,190,190,331
FLEXID-0227,C. civ. art. 815,227,72,-155,155,331
FLEXID-0228,C. civ. art. 21-20,228,949,721,721,410
FLEXID-0229,C. civ. art. 21-20,229,539,310,310,331
FLEXID-0230,C. civ. art. 60 alinea 1,230,932,702,702,331
FLEXID-0231,C. civ. art. 21-20,231,208,-23,23,331
FLEXID-0232,C. civ. art. 60 alinéa 4,232,85,-147,147,331
FLEXID-0233,C. civ. art. 242,233,904,671,671,331
FLEXID-0234,C. civ. art. 21-18,234,261,27,27,331
FLEXID-0235,C. civ. art. 21-18,235,592,357,357,331
FLEXID-0236,C. civ. art. 21-18,236,982,746,746,390
FLEXID-0237,C. civ. art. 312,237,7,-230,230,331
FLEXID-0238,C. civ. art. 61-5,238,5,-233,233,331
FLEXID-0239,C. civ. art. 16,239,14,-225,225,331
FLEXID-0240,C. civ. art. 515-14,240,325,85,85,
FLEXID-0241,"Code civil, art. 5",241,847,606,606,331
FLEXID-0242,"Code civil, art. 5",242,516,274,274,331
FLEXID-0243,"Code civil, art. 5",243,185,-58,58,331
FLEXID-0244,"Code civil, art. 7",244,779,535,535,331
FLEXID-0245,"Code civil, art. 7",245,448,203,203,331
FLEXID-0246,"Code civil, art. 7",246,117,-129,129,331
FLEXID-0247,"Code civil, art. 8",247,972,725,725,502
FLEXID-0248,"Code civil, art. 8",248,470,222,222,331
FLEXID-0249,"Code civil, art. 8",249,139,-110,110,331
FLEXID-0250,"Code civil, art. 9-1",250,851,601,601,331
FLEXID-0251,"Code civil, art. 9-1",251,520,269,269,331
FLEXID-0252,"Code civil, art. 9-1",252,189,-63,63,331
FLEXID-0253,"Code civil, art. 10",253,800,547,547,331
FLEXID-0254,"Code civil, art. 10",254,469,215,215,331
FLEXID-0255,"Code civil, art. 10",255,138,-117,117,331
FLEXID-0256,"Code civil, art. 11",256,818,562,562,331
FLEXID-0257,"Code civil, art. 11",257,487,230,230,331
FLEXID-0258,"Code civil, art. 11",258,156,-102,102,331
FLEXID-0259,"Code civil, art. 14",259,337,78,78,331
FLEXID-0260,"Code civil, art. 14",260,668,408,408,331
FLEXID-0261,"Code civil, art. 14",261,999,738,738,331
FLEXID-0262,"Code civil, art. 14",262,6,-256,256,331
FLEXID-0263,"Code civil, art. 15",263,903,640,640,331
FLEXID-0264,"Code civil, art. 15",264,572,308,308,331
FLEXID-0265,"Code civil, art. 15",265,241,-24,24,331
FLEXID-0266,"Code civil, art. 16",266,280,14,14,331
FLEXID-0267,"Code civil, art. 16",267,611,344,344,331
FLEXID-0268,"Code civil, art. 16",268,942,674,674,331
FLEXID-0269,"Code civil, art. 16-1",269,911,642,642,331
FLEXID-0270,"Code civil, art. 16-1",270,580,310,310,331
FLEXID-0271,"Code civil, art. 16-1",271,249,-22,22,331
FLEXID-0272,"Code civil, art. 16-1-1",272,398,126,126,331
FLEXID-0273,"Code civil, art. 16-1-1",273,729,456,456,331
FLEXID-0274,"Code civil, art. 16-1-1",274,67,-207,207,331
FLEXID-0275,"Code civil, art. 16-2",275,795,520,520,331
FLEXID-0276,"Code civil, art. 16-2",276,464,188,188,331
FLEXID-0277,"Code civil, art. 16-2",277,133,-144,144,331
FLEXID-0278,"Code civil, art. 16-5",278,812,534,534,331
FLEXID-0279,"Code civil, art. 16-5",279,481,202,202,331
FLEXID-0280,"Code civil, art. 16-5",280,150,-130,130,331
FLEXID-0281,"Code civil, art. 16-6",281,872,591,591,331
FLEXID-0282,"Code civil, art. 16-6",282,541,259,259,331
FLEXID-0283,"Code civil, art. 16-6",283,210,-73,73,331
FLEXID-0284,"Code civil, art. 16-7",284,299,15,15,361
FLEXID-0285,"ode civil, art. 16-7",285,631,346,346,
FLEXID-0286,"Code civil, art. 16-7",286,660,374,374,361
FLEXID-0287,"Code civil, art. 16-13",287,394,107,107,331
FLEXID-0288,"Code civil, art. 16-13",288,725,437,437,331
FLEXID-0289,"Code civil, art. 16-13",289,63,-226,226,331
FLEXID-0290,"Code civil, art. 16-14",290,877,587,587,331
FLEXID-0291,"Code civil, art. 16-14",291,546,255,255,331
FLEXID-0292,"Code civil, art. 16-14",292,215,-77,77,331
FLEXID-0293,"Code civil, art. 17-4",293,634,341,341,
FLEXID-0294,"Code civil, art. 17-6",294,401,107,107,331
FLEXID-0295,"Code civil, art. 17-6",295,732,437,437,331
FLEXID-0296,"Code civil, art. 17-6",296,70,-226,226,331
FLEXID-0297,"Code civil, art. 17-8",297,918,621,621,331
FLEXID-0298,"Code civil, art. 17-8",298,587,289,289,331
FLEXID-0299,"Code civil, art. 17-8",299,256,-43,43,331
FLEXID-0300,"Code civil, art. 18",300,832,532,532,331
FLEXID-0301,"Code civil, art. 18",301,501,200,200,331
FLEXID-0302,"Code civil, art. 18",302,170,-132,132,331
FLEXID-0303,"Code civil, art. 18-1",303,430,127,127,331
FLEXID-0304,"Code civil, art. 18-1",304,761,457,457,331
FLEXID-0305,"Code civil, art. 18-1",305,99,-206,206,331
FLEXID-0306,"Code civil, art. 19",306,405,99,99,331
FLEXID-0307,"Code civil, art. 19",307,736,429,429,331
FLEXID-0308,"Code civil, art. 19",308,74,-234,234,331
FLEXID-0309,"Code civil, art. 19-1",309,447,138,138,331
FLEXID-0310,"Code civil, art. 19-1",310,778,468,468,331
FLEXID-0311,"Code civil, art. 19-1",311,116,-195,195,331
FLEXID-0312,"Code civil, art. 19-3",312,890,578,578,331
FLEXID-0313,"Code civil, art. 19-3",313,559,246,246,331
FLEXID-0314,"Code civil, art. 19-3",314,228,-86,86,331
FLEXID-0315,"Code civil, art. 20-1",315,368,53,53,331
FLEXID-0316,"Code civil, art. 20-1",316,747,431,431,379
FLEXID-0317,"Code civil, art. 20-1",317,37,-280,280,331
FLEXID-0318,"Code civil, art. 20-4",318,423,105,105,331
FLEXID-0319,"Code civil, art. 20-4",319,754,435,435,331
FLEXID-0320,"Code civil, art. 20-4",320,92,-228,228,331
FLEXID-0321,"Code civil, art. 21",321,922,601,601,331
FLEXID-0322,"Code civil, art. 21",322,591,269,269,331
FLEXID-0323,"Code civil, art. 21",323,260,-63,63,331
FLEXID-0324,"Code civil, art. 21-1",324,825,501,501,331
FLEXID-0325,"Code civil, art. 21-1",325,494,169,169,331
FLEXID-0326,"Code civil, art. 21-1",326,163,-163,163,331
FLEXID-0327,"Code civil, art. 21-6",327,688,361,361,388
FLEXID-0328,"Code civil, art. 21-6",328,300,-28,28,388
FLEXID-0329,"ode civil, art. 21-6",329,657,328,328,
FLEXID-0330,"Code civil, art. 21-16",330,389,59,59,331
FLEXID-0331,"Code civil, art. 21-16",331,720,389,389,331
FLEXID-0332,"Code civil, art. 21-16",332,58,-274,274,331
FLEXID-0333,"Code civil, art. 21-21",333,867,534,534,331
FLEXID-0334,"Code civil, art. 21-21",334,536,202,202,331
FLEXID-0335,"Code civil, art. 21-21",335,205,-130,130,331
FLEXID-0336,"Code civil, art. 21-22",336,395,59,59,331
FLEXID-0337,"Code civil, art. 21-22",337,726,389,389,331
FLEXID-0338,"Code civil, art. 21-22",338,64,-274,274,331
FLEXID-0339,"Code civil, art. 21-24-1",339,442,103,103,331
FLEXID-0340,"Code civil, art. 21-24-1",340,844,504,504,402
FLEXID-0341,"Code civil, art. 21-24-1",341,111,-230,230,331
FLEXID-0342,"Code civil, art. 21-25-1",342,353,11,11,331
FLEXID-0343,"Code civil, art. 21-25-1",343,785,442,442,432
FLEXID-0344,"Code civil, art. 21-25-1",344,22,-322,322,331
FLEXID-0345,"Code civil, art. 21-27-1",345,463,118,118,331
FLEXID-0346,"Code civil, art. 21-27-1",346,794,448,448,331
FLEXID-0347,"Code civil, art. 21-27-1",347,132,-215,215,331
FLEXID-0348,"Code civil, art. 21-29",348,509,161,161,331
FLEXID-0349,"Code civil, art. 21-29",349,984,635,635,475
FLEXID-0350,"Code civil, art. 21-29",350,178,-172,172,331
FLEXID-0351,"Code civil, art. 22",351,356,5,5,331
FLEXID-0352,"Code civil, art. 22",352,985,633,633,629
FLEXID-0353,"Code civil, art. 22",353,25,-328,328,331
FLEXID-0354,"Code civil, art. 22-1",354,364,10,10,331
FLEXID-0355,"Code civil, art. 22-1",355,695,340,340,331
FLEXID-0356,"Code civil, art. 22-1",356,33,-323,323,331
FLEXID-0357,"Code civil, art. 23-1",357,686,329,329,336
FLEXID-0358,"Code civil, art. 23-1",358,19,-339,339,331
FLEXID-0359,"Code civil, art. 23-1",359,350,-9,9,331
FLEXID-0360,"Code civil, art. 23-4",360,967,607,607,610
FLEXID-0361,"Code civil, art. 23-4",361,26,-335,335,331
FLEXID-0362,"Code civil, art. 23-4",362,357,-5,5,331
FLEXID-0363,"Code civil, art. 23-6",363,980,617,617,382
FLEXID-0364,"Code civil, art. 23-6",364,598,234,234,331
FLEXID-0365,"Code civil, art. 23-6",365,267,-98,98,331
FLEXID-0366,"Code civil, art. 23-7",366,864,498,498,331
FLEXID-0367,"Code civil, art. 23-7",367,533,166,166,331
FLEXID-0368,"Code civil, art. 23-7",368,202,-166,166,331
FLEXID-0369,"Code civil, art. 27",369,950,581,581,331
FLEXID-0370,"Code civil, art. 27",370,619,249,249,331
FLEXID-0371,"Code civil, art. 27",371,288,-83,83,331
FLEXID-0372,"Code civil, art. 27-1",372,694,322,322,
FLEXID-0373,"Code civil, art. 28",373,680,307,307,331
FLEXID-0374,"Code civil, art. 28",374,18,-356,356,331
FLEXID-0375,"Code civil, art. 28",375,349,-26,26,331
FLEXID-0376,"Code civil, art. 30-1",376,745,369,369,373
FLEXID-0377,"Code civil, art. 30-1",377,41,-336,336,331
FLEXID-0378,"Code civil, art. 30-1",378,372,-6,6,331
FLEXID-0379,"Code civil, art. 30-4",379,387,8,8,331
FLEXID-0380,"Code civil, art. 30-4",380,718,338,338,331
FLEXID-0381,"Code civil, art. 30-4",381,56,-325,325,331
FLEXID-0382,"Code civil, art. 31",382,482,100,100,331
FLEXID-0383,"Code civil, art. 31",383,813,430,430,331
FLEXID-0384,"Code civil, art. 31",384,151,-233,233,331
FLEXID-0385,"Code civil, art. 31-3",385,507,122,122,331
FLEXID-0386,"Code civil, art. 31-3",386,838,452,452,331
FLEXID-0387,"Code civil, art. 31-3",387,176,-211,211,331
FLEXID-0388,"Code civil, art. 32",388,672,284,284,331
FLEXID-0389,"Code civil, art. 32",389,10,-379,379,331
FLEXID-0390,"Code civil, art. 32",390,341,-49,49,331
FLEXID-0391,"Code civil, art. 32-1",391,451,60,60,331
FLEXID-0392,"Code civil, art. 32-1",392,782,390,390,331
FLEXID-0393,"Code civil, art. 32-1",393,120,-273,273,331
FLEXID-0394,"Code civil, art. 32-4",394,508,114,114,331
FLEXID-0395,"Code civil, art. 32-4",395,839,444,444,331
FLEXID-0396,"Code civil, art. 32-4",396,177,-219,219,331
FLEXID-0397,"Code civil, art. 34-1",397,406,9,9,331
FLEXID-0398,"Code civil, art. 34-1",398,929,531,531,523
FLEXID-0399,"Code civil, art. 34-1",399,75,-324,324,331
FLEXID-0400,"Code civil, art. 35",400,939,539,539,331
FLEXID-0401,"Code civil, art. 35",401,608,207,207,331
FLEXID-0402,"Code civil, art. 35",402,277,-125,125,331
FLEXID-0403,"Code civil, art. 37",403,707,304,304,331
FLEXID-0404,"Code civil, art. 37",404,45,-359,359,331
FLEXID-0405,"Code civil, art. 37",405,376,-29,29,331
FLEXID-0406,"Code civil, art. 38",406,938,532,532,331
FLEXID-0407,"Code civil, art. 38",407,607,200,200,331
FLEXID-0408,"Code civil, art. 38",408,276,-132,132,331
FLEXID-0409,"Code civil, art. 47",409,485,76,76,331
FLEXID-0410,"Code civil, art. 47",410,816,406,406,331
FLEXID-0411,"Code civil, art. 47",411,154,-257,257,331
FLEXID-0412,"Code civil, art. 48",412,693,281,281,331
FLEXID-0413,"Code civil, art. 48",413,31,-382,382,331
FLEXID-0414,"Code civil, art. 48",414,362,-52,52,331
FLEXID-0415,"Code civil, art. 51",415,505,90,90,331
FLEXID-0416,"Code civil, art. 51",416,836,420,420,331
FLEXID-0417,"Code civil, art. 51",417,174,-243,243,331
FLEXID-0418,"Code civil, art. 52",418,567,149,149,331
FLEXID-0419,"Code civil, art. 52",419,898,479,479,331
FLEXID-0420,"Code civil, art. 52",420,236,-184,184,331
FLEXID-0421,"Code civil, art. 53",421,443,22,22,331
FLEXID-0422,"Code civil, art. 53",422,774,352,352,331
FLEXID-0423,"Code civil, art. 53",423,112,-311,311,331
FLEXID-0424,"Code civil, art. 61",424,461,37,37,331
FLEXID-0425,"Code civil, art. 61",425,866,441,441,405
FLEXID-0426,"Code civil, art. 61",426,130,-296,296,331
FLEXID-0427,"Code civil, art. 61-1",427,958,531,531,331
FLEXID-0428,"Code civil, art. 61-1",428,627,199,199,331
FLEXID-0429,"Code civil, art. 61-1",429,296,-133,133,331
FLEXID-0430,"Code civil, art. 61-2",430,519,89,89,331
FLEXID-0431,"Code civil, art. 61-2",431,850,419,419,331
FLEXID-0432,"Code civil, art. 61-2",432,188,-244,244,331
FLEXID-0433,"Code civil, art. 61-3",433,550,117,117,331
FLEXID-0434,"Code civil, art. 61-3",434,881,447,447,331
FLEXID-0435,"Code civil, art. 61-3",435,219,-216,216,331
FLEXID-0436,"Code civil, art. 61-8",436,993,557,557,597
FLEXID-0437,"Code civil, art. 61-8",437,65,-372,372,331
FLEXID-0438,"Code civil, art. 61-8",438,396,-42,42,331
FLEXID-0439,"Code civil, art. 62-1",439,583,144,144,331
FLEXID-0440,"Code civil, art. 62-1",440,914,474,474,331
FLEXID-0441,"Code civil, art. 62-1",441,252,-189,189,331
FLEXID-0442,"Code civil, art. 65",442,759,317,317,331
FLEXID-0443,"Code civil, art. 65",443,97,-346,346,331
FLEXID-0444,"Code civil, art. 65",444,428,-16,16,331
FLEXID-0445,"Code civil, art. 66",445,752,307,307,331
FLEXID-0446,"Code civil, art. 66",446,90,-356,356,331
FLEXID-0447,"Code civil, art. 66",447,421,-26,26,331
FLEXID-0448,"Code civil, art. 67",448,771,323,323,331
FLEXID-0449,"Code civil, art. 67",449,109,-340,340,331
FLEXID-0450,"Code civil, art. 67",450,440,-10,10,331
FLEXID-0451,"Code civil, art. 68",451,762,311,311,358
FLEXID-0452,"Code civil, art. 68",452,73,-379,379,331
FLEXID-0453,"Code civil, art. 68",453,404,-49,49,331
FLEXID-0454,"Code civil, art. 69",454,496,42,42,331
FLEXID-0455,"Code civil, art. 69",455,827,372,372,331
FLEXID-0456,"Code civil, art. 69",456,165,-291,291,331
FLEXID-0457,"Code civil, art. 70",457,959,502,502,331
FLEXID-0458,"Code civil, art. 70",458,628,170,170,331
FLEXID-0459,"Code civil, art. 70",459,297,-162,162,331
FLEXID-0460,"Code civil, art. 74",460,698,238,238,331
FLEXID-0461,"Code civil, art. 74",461,36,-425,425,331
FLEXID-0462,"Code civil, art. 74",462,367,-95,95,331
FLEXID-0463,"Code civil, art. 78",463,673,210,210,331
FLEXID-0464,"Code civil, art. 78",464,11,-453,453,331
FLEXID-0465,"Code civil, art. 78",465,342,-123,123,331
FLEXID-0466,"Code civil, art. 79-1",466,797,331,331,331
FLEXID-0467,"Code civil, art. 79-1",467,135,-332,332,331
FLEXID-0468,"Code civil, art. 79-1",468,466,-2,2,331
FLEXID-0469,"Code civil, art. 81",469,529,60,60,331
FLEXID-0470,"Code civil, art. 81",470,860,390,390,331
FLEXID-0471,"Code civil, art. 81",471,198,-273,273,331
FLEXID-0472,"Code civil, art. 82",472,841,369,369,403
FLEXID-0473,"Code civil, art. 82",473,107,-366,366,331
FLEXID-0474,"Code civil, art. 82",474,438,-36,36,331
FLEXID-0475,"Code civil, art. 87",475,527,52,52,331
FLEXID-0476,"Code civil, art. 87",476,858,382,382,331
FLEXID-0477,"Code civil, art. 87",477,196,-281,281,331
FLEXID-0478,"Code civil, art. 88",478,557,79,79,331
FLEXID-0479,"Code civil, art. 88",479,888,409,409,331
FLEXID-0480,"Code civil, art. 88",480,226,-254,254,331
FLEXID-0481,"Code civil, art. 98",481,790,309,309,439
FLEXID-0482,"Code civil, art. 98",482,20,-462,462,331
FLEXID-0483,"Code civil, art. 98",483,351,-132,132,331
FLEXID-0484,"Code civil, art. 98-2",484,709,225,225,331
FLEXID-0485,"Code civil, art. 98-2",485,47,-438,438,331
FLEXID-0486,"Code civil, art. 98-2",486,378,-108,108,331
FLEXID-0487,"Code civil, art. 99",487,522,35,35,331
FLEXID-0488,"Code civil, art. 99",488,853,365,365,331
FLEXID-0489,"Code civil, art. 99",489,191,-298,298,331
FLEXID-0490,"Code civil, art. 100",490,819,329,329,436
FLEXID-0491,"Code civil, art. 100",491,52,-439,439,331
FLEXID-0492,"Code civil, art. 100",492,383,-109,109,331
FLEXID-0493,"Code civil, art. 101-1",493,537,44,44,331
FLEXID-0494,"Code civil, art. 101-1",494,868,374,374,331
FLEXID-0495,"Code civil, art. 101-1",495,206,-289,289,331
FLEXID-0496,"Code civil, art. 101-2",496,624,128,128,331
FLEXID-0497,"Code civil, art. 101-2",497,955,458,458,331
FLEXID-0498,"Code civil, art. 101-2",498,293,-205,205,331
FLEXID-0499,"Code civil, art. 103",499,806,307,307,331
FLEXID-0500,"Code civil, art. 103",500,144,-356,356,331
FLEXID-0501,"Code civil, art. 103",501,475,-26,26,331
FLEXID-0502,"Code civil, art. 104",502,933,431,431,502
FLEXID-0503,"Code civil, art. 104",503,100,-403,403,331
FLEXID-0504,"Code civil, art. 104",504,431,-73,73,331
FLEXID-0505,"Code civil, art. 106",505,744,239,239,331
FLEXID-0506,"Code civil, art. 106",506,82,-424,424,331
FLEXID-0507,"Code civil, art. 106",507,413,-94,94,331
FLEXID-0508,"Code civil, art. 107",508,563,55,55,331
FLEXID-0509,"Code civil, art. 107",509,894,385,385,331
FLEXID-0510,"Code civil, art. 107",510,232,-278,278,331
FLEXID-0511,"Code civil, art. 108",511,963,452,452,461
FLEXID-0512,"Code civil, art. 108",512,171,-341,341,331
FLEXID-0513,"Code civil, art. 108",513,502,-11,11,331
FLEXID-0514,"Code civil, art. 108-1",514,561,47,47,331
FLEXID-0515,"Code civil, art. 108-1",515,892,377,377,331
FLEXID-0516,"Code civil, art. 108-1",516,230,-286,286,331
FLEXID-0517,"Code civil, art. 108-2",517,544,27,27,331
FLEXID-0518,"Code civil, art. 108-2",518,875,357,357,331
FLEXID-0519,"Code civil, art. 108-2",519,213,-306,306,331
FLEXID-0520,"Code civil, art. 108-3",520,710,190,190,337
FLEXID-0521,"Code civil, art. 108-3",521,42,-479,479,331
FLEXID-0522,"Code civil, art. 108-3",522,373,-149,149,331
FLEXID-0523,"Code civil, art. 109",523,679,156,156,331
FLEXID-0524,"Code civil, art. 109",524,348,-176,176,331
FLEXID-0525,"Code civil, art. 109",525,17,-508,508,331
FLEXID-0526,"Code civil, art. 112",526,719,193,193,331
FLEXID-0527,"Code civil, art. 112",527,57,-470,470,331
FLEXID-0528,"Code civil, art. 112",528,388,-140,140,331
FLEXID-0529,"Code civil, art. 115",529,535,6,6,331
FLEXID-0530,"Code civil, art. 115",530,970,440,440,435
FLEXID-0531,"Code civil, art. 115",531,204,-327,327,331
FLEXID-0532,"Code civil, art. 117",532,750,218,218,331
FLEXID-0533,"Code civil, art. 117",533,88,-445,445,331
FLEXID-0534,"Code civil, art. 117",534,419,-115,115,331
FLEXID-0535,"Code civil, art. 118",535,793,258,258,331
FLEXID-0536,"Code civil, art. 118",536,131,-405,405,331
FLEXID-0537,"Code civil, art. 118",537,462,-75,75,331
FLEXID-0538,"Code civil, art. 119",538,837,299,299,331
FLEXID-0539,"Code civil, art. 119",539,175,-364,364,331
FLEXID-0540,"Code civil, art. 119",540,506,-34,34,331
FLEXID-0541,"Code civil, art. 123",541,733,192,192,331
FLEXID-0542,"Code civil, art. 123",542,71,-471,471,331
FLEXID-0543,"Code civil, art. 123",543,402,-141,141,331
FLEXID-0544,"Code civil, art. 124",544,787,243,243,331
FLEXID-0545,"Code civil, art. 124",545,125,-420,420,331
FLEXID-0546,"Code civil, art. 124",546,456,-90,90,331
FLEXID-0547,"Code civil, art. 126",547,862,315,315,331
FLEXID-0548,"Code civil, art. 126",548,200,-348,348,331
FLEXID-0549,"Code civil, art. 126",549,531,-18,18,331
FLEXID-0550,"Code civil, art. 128",550,792,242,242,366
FLEXID-0551,"Code civil, art. 128",551,95,-456,456,331
FLEXID-0552,"Code civil, art. 128",552,426,-126,126,331
FLEXID-0553,"Code civil, art. 131",553,815,262,262,331
FLEXID-0554,"Code civil, art. 131",554,153,-401,401,331
FLEXID-0555,"Code civil, art. 131",555,484,-71,71,331
FLEXID-0556,"Code civil, art. 143",556,873,317,317,331
FLEXID-0557,"Code civil, art. 143",557,211,-346,346,331
FLEXID-0558,"Code civil, art. 143",558,542,-16,16,331
FLEXID-0559,"Code civil, art. 144",559,887,328,328,331
FLEXID-0560,"Code civil, art. 144",560,225,-335,335,331
FLEXID-0561,"Code civil, art. 144",561,556,-5,5,331
FLEXID-0562,"Code civil, art. 145",562,569,7,7,331
FLEXID-0563,"Code civil, art. 145",563,900,337,337,331
FLEXID-0564,"Code civil, art. 145",564,238,-326,326,331
FLEXID-0565,"Code civil, art. 146",565,842,277,277,331
FLEXID-0566,"Code civil, art. 146",566,180,-386,386,331
FLEXID-0567,"Code civil, art. 146",567,511,-56,56,331
FLEXID-0568,"Code civil, art. 146-1",568,884,316,316,331
FLEXID-0569,"Code civil, art. 146-1",569,222,-347,347,331
FLEXID-0570,"Code civil, art. 146-1",570,553,-17,17,331
FLEXID-0571,"Code civil, art. 147",571,606,35,35,331
FLEXID-0572,"Code civil, art. 147",572,937,365,365,331
FLEXID-0573,"Code civil, art. 147",573,275,-298,298,331
FLEXID-0574,"Code civil, art. 148",574,817,243,243,331
FLEXID-0575,"Code civil, art. 148",575,155,-420,420,331
FLEXID-0576,"Code civil, art. 148",576,486,-90,90,331
FLEXID-0577,"Code civil, art. 150",577,878,301,301,331
FLEXID-0578,"Code civil, art. 150",578,216,-362,362,331
FLEXID-0579,"Code civil, art. 150",579,547,-32,32,331
FLEXID-0580,"Code civil, art. 154",580,588,8,8,331
FLEXID-0581,"Code civil, art. 154",581,919,338,338,331
FLEXID-0582,"Code civil, art. 154",582,257,-325,325,331
FLEXID-0583,"Code civil, art. 159",583,913,330,330,331
FLEXID-0584,"Code civil, art. 159",584,251,-333,333,331
FLEXID-0585,"Code civil, art. 159",585,582,-3,3,331
FLEXID-0586,"Code civil, art. 160",586,895,309,309,331
FLEXID-0587,"Code civil, art. 160",587,233,-354,354,331
FLEXID-0588,"Code civil, art. 160",588,564,-24,24,331
FLEXID-0589,"Code civil, art. 162",589,612,23,23,331
FLEXID-0590,"Code civil, art. 162",590,943,353,353,331
FLEXID-0591,"Code civil, art. 162",591,281,-310,310,331
FLEXID-0592,"Code civil, art. 163",592,780,188,188,331
FLEXID-0593,"Code civil, art. 163",593,118,-475,475,331
FLEXID-0594,"Code civil, art. 163",594,449,-145,145,331
FLEXID-0595,"Code civil, art. 169",595,990,395,395,643
FLEXID-0596,"Code civil, art. 169",596,16,-580,580,331
FLEXID-0597,"Code civil, art. 169",597,347,-250,250,331
FLEXID-0598,"Code civil, art. 171",598,722,124,124,331
FLEXID-0599,"Code civil, art. 171",599,391,-208,208,331
FLEXID-0600,"Code civil, art. 171",600,60,-540,540,331
FLEXID-0601,"Code civil, art. 171-5",601,614,13,13,331
FLEXID-0602,"Code civil, art. 171-5",602,945,343,343,331
FLEXID-0603,"Code civil, art. 171-5",603,283,-320,320,331
FLEXID-0604,"Code civil, art. 171-6",604,766,162,162,331
FLEXID-0605,"Code civil, art. 171-6",605,435,-170,170,331
FLEXID-0606,"Code civil, art. 171-6",606,104,-502,502,331
FLEXID-0607,"Code civil, art. 172",607,859,252,252,331
FLEXID-0608,"Code civil, art. 172",608,197,-411,411,331
FLEXID-0609,"Code civil, art. 172",609,528,-81,81,331
FLEXID-0610,"Code civil, art. 173",610,917,307,307,563
FLEXID-0611,"Code civil, art. 173",611,23,-588,588,331
FLEXID-0612,"Code civil, art. 173",612,354,-258,258,331
FLEXID-0613,"Code civil, art. 175-1",613,809,196,196,331
FLEXID-0614,"Code civil, art. 175-1",614,147,-467,467,331
FLEXID-0615,"Code civil, art. 175-1",615,478,-137,137,331
FLEXID-0616,"Code civil, art. 177",616,772,156,156,331
FLEXID-0617,"Code civil, art. 177",617,441,-176,176,331
FLEXID-0618,"Code civil, art. 177",618,110,-508,508,331
FLEXID-0619,"Code civil, art. 180",619,905,286,286,331
FLEXID-0620,"Code civil, art. 180",620,243,-377,377,331
FLEXID-0621,"Code civil, art. 180",621,574,-47,47,331
FLEXID-0622,"Code civil, art. 182",622,712,90,90,331
FLEXID-0623,"Code civil, art. 182",623,381,-242,242,331
FLEXID-0624,"Code civil, art. 182",624,50,-574,574,331
FLEXID-0625,"Code civil, art. 183",625,947,322,322,331
FLEXID-0626,"Code civil, art. 183",626,285,-341,341,331
FLEXID-0627,"Code civil, art. 183",627,616,-11,11,331
FLEXID-0628,"Code civil, art. 188",628,758,130,130,331
FLEXID-0629,"Code civil, art. 188",629,427,-202,202,331
FLEXID-0630,"Code civil, art. 188",630,96,-534,534,331
FLEXID-0631,"Code civil, art. 189",631,713,82,82,350
FLEXID-0632,"Code civil, art. 189",632,363,-269,269,331
FLEXID-0633,"Code civil, art. 189",633,32,-601,601,331
FLEXID-0634,"Code civil, art. 191",634,960,326,326,331
FLEXID-0635,"Code civil, art. 191",635,298,-337,337,331
FLEXID-0636,"Code civil, art. 191",636,629,-7,7,331
FLEXID-0637,"Code civil, art. 192",637,906,269,269,331
FLEXID-0638,"Code civil, art. 192",638,244,-394,394,331
FLEXID-0639,"Code civil, art. 192",639,575,-64,64,331
FLEXID-0640,"Code civil, art. 195",640,848,208,208,331
FLEXID-0641,"Code civil, art. 195",641,186,-455,455,331
FLEXID-0642,"Code civil, art. 195",642,517,-125,125,331
FLEXID-0643,"Code civil, art. 196",643,739,96,96,331
FLEXID-0644,"Code civil, art. 196",644,408,-236,236,331
FLEXID-0645,"Code civil, art. 196",645,77,-568,568,331
FLEXID-0646,"Code civil, art. 198",646,823,177,177,331
FLEXID-0647,"Code civil, art. 198",647,161,-486,486,331
FLEXID-0648,"Code civil, art. 198",648,492,-156,156,331
FLEXID-0649,"Code civil, art. 200",649,923,274,274,399
FLEXID-0650,"Code civil, art. 200",650,193,-457,457,331
FLEXID-0651,"Code civil, art. 200",651,524,-127,127,331
FLEXID-0652,"Code civil, art. 201",652,829,177,177,331
FLEXID-0653,"Code civil, art. 201",653,167,-486,486,331
FLEXID-0654,"Code civil, art. 201",654,498,-156,156,331
FLEXID-0655,"Code civil, art. 202-2",655,696,41,41,331
FLEXID-0656,"Code civil, art. 202-2",656,365,-291,291,331
FLEXID-0657,"Code civil, art. 202-2",657,34,-623,623,331
FLEXID-0658,"Code civil, art. 203",658,700,42,42,331
FLEXID-0659,"Code civil, art. 203",659,369,-290,290,331
FLEXID-0660,"Code civil, art. 203",660,38,-622,622,331
FLEXID-0661,"Code civil, art. 204",661,935,274,274,331
FLEXID-0662,"Code civil, art. 204",662,273,-389,389,331
FLEXID-0663,"Code civil, art. 204",663,604,-59,59,331
FLEXID-0664,"Code civil, art. 205",664,901,237,237,331
FLEXID-0665,"Code civil, art. 205",665,239,-426,426,331
FLEXID-0666,"Code civil, art. 205",666,570,-96,96,331
FLEXID-0667,"Code civil, art. 206",667,987,320,320,477
FLEXID-0668,"Code civil, art. 206",668,179,-489,489,331
FLEXID-0669,"Code civil, art. 206",669,510,-159,159,331
FLEXID-0670,"Code civil, art. 208",670,961,291,291,547
FLEXID-0671,"Code civil, art. 208",671,83,-588,588,331
FLEXID-0672,"Code civil, art. 208",672,414,-258,258,331
FLEXID-0673,"Code civil, art. 209",673,755,82,82,331
FLEXID-0674,"Code civil, art. 209",674,424,-250,250,331
FLEXID-0675,"Code civil, art. 209",675,93,-582,582,331
FLEXID-0676,"Code civil, art. 210",676,889,213,213,331
FLEXID-0677,"Code civil, art. 210",677,227,-450,450,331
FLEXID-0678,"Code civil, art. 210",678,558,-120,120,331
FLEXID-0679,"Code civil, art. 211",679,834,155,155,331
FLEXID-0680,"Code civil, art. 211",680,503,-177,177,331
FLEXID-0681,"Code civil, art. 211",681,172,-509,509,331
FLEXID-0682,"Code civil, art. 212",682,977,295,295,388
FLEXID-0683,"Code civil, art. 212",683,258,-425,425,331
FLEXID-0684,"Code civil, art. 212",684,589,-95,95,331
FLEXID-0685,"Code civil, art. 213",685,770,85,85,331
FLEXID-0686,"Code civil, art. 213",686,439,-247,247,331
FLEXID-0687,"Code civil, art. 213",687,108,-579,579,331
FLEXID-0688,"Code civil, art. 214",688,820,132,132,331
FLEXID-0689,"Code civil, art. 214",689,489,-200,200,331
FLEXID-0690,"Code civil, art. 214",690,158,-532,532,331
FLEXID-0691,"Code civil, art. 215",691,821,130,130,331
FLEXID-0692,"Code civil, art. 215",692,490,-202,202,331
FLEXID-0693,"Code civil, art. 215",693,159,-534,534,331
FLEXID-0694,"Code civil, art. 216",694,930,236,236,331
FLEXID-0695,"Code civil, art. 216",695,268,-427,427,331
FLEXID-0696,"Code civil, art. 216",696,599,-97,97,331
FLEXID-0697,"Code civil, art. 217",697,748,51,51,331
FLEXID-0698,"Code civil, art. 217",698,417,-281,281,331
FLEXID-0699,"Code civil, art. 217",699,86,-613,613,331
FLEXID-0700,"Code civil, art. 218",700,976,276,276,476
FLEXID-0701,"Code civil, art. 218",701,169,-532,532,331
FLEXID-0702,"Code civil, art. 218",702,500,-202,202,331
FLEXID-0703,"Code civil, art. 219",703,879,176,176,331
FLEXID-0704,"Code civil, art. 219",704,217,-487,487,331
FLEXID-0705,"Code civil, art. 219",705,548,-157,157,331
FLEXID-0706,"Code civil, art. 220-1",706,941,235,235,331
FLEXID-0707,"Code civil, art. 220-1",707,279,-428,428,331
FLEXID-0708,"Code civil, art. 220-1",708,610,-98,98,331
FLEXID-0709,"Code civil, art. 220-3",709,742,33,33,331
FLEXID-0710,"Code civil, art. 220-3",710,411,-299,299,331
FLEXID-0711,"Code civil, art. 220-3",711,80,-631,631,331
FLEXID-0712,"Code civil, art. 221",712,975,263,263,629
FLEXID-0713,"Code civil, art. 221",713,346,-367,367,331
FLEXID-0714,"Code civil, art. 221",714,15,-699,699,331
FLEXID-0715,"Code civil, art. 223",715,966,251,251,623
FLEXID-0716,"Code civil, art. 223",716,343,-373,373,331
FLEXID-0717,"Code civil, art. 223",717,12,-705,705,331
FLEXID-0718,"Code civil, art. 225",718,808,90,90,331
FLEXID-0719,"Code civil, art. 225",719,477,-242,242,331
FLEXID-0720,"Code civil, art. 225",720,146,-574,574,331
FLEXID-0721,"Code civil, art. 225-1",721,948,227,227,331
FLEXID-0722,"Code civil, art. 225-1",722,286,-436,436,331
FLEXID-0723,"Code civil, art. 225-1",723,617,-106,106,331
FLEXID-0724,"Code civil, art. 227",724,59,-665,665,331
FLEXID-0725,"Code civil, art. 227",725,390,-335,335,331
FLEXID-0726,"Code civil, art. 227",726,721,-5,5,331
FLEXID-0727,"Code civil, art. 232",727,824,97,97,331
FLEXID-0728,"Code civil, art. 232",728,493,-235,235,331
FLEXID-0729,"Code civil, art. 232",729,162,-567,567,331
FLEXID-0730,"Code civil, art. 234",730,857,127,127,331
FLEXID-0731,"Code civil, art. 234",731,526,-205,205,331
FLEXID-0732,"Code civil, art. 234",732,195,-537,537,331
FLEXID-0733,"Code civil, art. 237",733,776,43,43,331
FLEXID-0734,"Code civil, art. 237",734,445,-289,289,331
FLEXID-0735,"Code civil, art. 237",735,114,-621,621,331
FLEXID-0736,"Code civil, art. 244",736,760,24,24,331
FLEXID-0737,"Code civil, art. 244",737,429,-308,308,331
FLEXID-0738,"Code civil, art. 244",738,98,-640,640,331
FLEXID-0739,"Code civil, art. 245-1",739,852,113,113,331
FLEXID-0740,"Code civil, art. 245-1",740,521,-219,219,331
FLEXID-0741,"Code civil, art. 245-1",741,190,-551,551,331
FLEXID-0742,"Code civil, art. 247-1",742,30,-712,712,331
FLEXID-0743,"Code civil, art. 247-1",743,361,-382,382,331
FLEXID-0744,"Code civil, art. 247-1",744,692,-52,52,331
FLEXID-0745,"Code civil, art. 248",745,805,60,60,331
FLEXID-0746,"Code civil, art. 248",746,474,-272,272,331
FLEXID-0747,"Code civil, art. 248",747,143,-604,604,331
FLEXID-0748,"Code civil, art. 249",748,883,135,135,331
FLEXID-0749,"Code civil, art. 249",749,552,-197,197,331
FLEXID-0750,"Code civil, art. 249",750,221,-529,529,331
FLEXID-0751,"Code civil, art. 250",751,62,-689,689,331
FLEXID-0752,"Code civil, art. 250",752,393,-359,359,331
FLEXID-0753,"Code civil, art. 250",753,724,-29,29,331
FLEXID-0754,"Code civil, art. 251",754,91,-663,663,331
FLEXID-0755,"Code civil, art. 251",755,422,-333,333,331
FLEXID-0756,"Code civil, art. 251",756,753,-3,3,331
FLEXID-0757,"Code civil, art. 253",757,76,-681,681,331
FLEXID-0758,"Code civil, art. 253",758,407,-351,351,331
FLEXID-0759,"Code civil, art. 253",759,738,-21,21,331
FLEXID-0760,"Code civil, art. 254",760,55,-705,705,331
FLEXID-0761,"Code civil, art. 254",761,386,-375,375,331
FLEXID-0762,"Code civil, art. 254",762,717,-45,45,331
FLEXID-0763,"Code civil, art. 259",763,912,149,149,331
FLEXID-0764,"Code civil, art. 259",764,581,-183,183,331
FLEXID-0765,"Code civil, art. 259",765,250,-515,515,331
FLEXID-0766,"Code civil, art. 259-1",766,925,159,159,331
FLEXID-0767,"Code civil, art. 259-1",767,594,-173,173,331
FLEXID-0768,"Code civil, art. 259-1",768,263,-505,505,331
FLEXID-0769,"Code civil, art. 259-2",769,957,188,188,331
FLEXID-0770,"Code civil, art. 259-2",770,295,-475,475,331
FLEXID-0771,"Code civil, art. 259-2",771,626,-145,145,331
FLEXID-0772,"Code civil, art. 260",772,102,-670,670,331
FLEXID-0773,"Code civil, art. 260",773,433,-340,340,331
FLEXID-0774,"Code civil, art. 260",774,764,-10,10,331
FLEXID-0775,"Code civil, art. 262",775,882,107,107,331
FLEXID-0776,"Code civil, art. 262",776,551,-225,225,331
FLEXID-0777,"Code civil, art. 262",777,220,-557,557,331
FLEXID-0778,"Code civil, art. 263",778,924,146,146,331
FLEXID-0779,"Code civil, art. 263",779,593,-186,186,331
FLEXID-0780,"Code civil, art. 263",780,262,-518,518,331
FLEXID-0781,"Code civil, art. 264",781,54,-727,727,331
FLEXID-0782,"Code civil, art. 264",782,385,-397,397,331
FLEXID-0783,"Code civil, art. 264",783,716,-67,67,331
FLEXID-0784,"Code civil, art. 265-1",784,983,199,199,451
FLEXID-0785,"Code civil, art. 265-1",785,532,-253,253,331
FLEXID-0786,"Code civil, art. 265-1",786,201,-585,585,331
FLEXID-0787,"Code civil, art. 265-2",787,53,-734,734,331
FLEXID-0788,"Code civil, art. 265-2",788,384,-404,404,331
FLEXID-0789,"Code civil, art. 265-2",789,728,-61,61,344
FLEXID-0790,"Code civil, art. 276-1",790,907,117,117,331
FLEXID-0791,"Code civil, art. 276-1",791,576,-215,215,331
FLEXID-0792,"Code civil, art. 276-1",792,245,-547,547,331
FLEXID-0793,"Code civil, art. 276-3",793,962,169,169,458
FLEXID-0794,"Code civil, art. 276-3",794,504,-290,290,331
FLEXID-0795,"Code civil, art. 276-3",795,173,-622,622,331
FLEXID-0796,"Code civil, art. 277",796,928,132,132,331
FLEXID-0797,"Code civil, art. 277",797,597,-200,200,331
FLEXID-0798,"Code civil, art. 277",798,266,-532,532,331
FLEXID-0799,"Code civil, art. 278",799,40,-759,759,331
FLEXID-0800,"Code civil, art. 278",800,371,-429,429,331
FLEXID-0801,"Code civil, art. 278",801,702,-99,99,331
FLEXID-0802,"Code civil, art. 285-1",802,893,91,91,331
FLEXID-0803,"Code civil, art. 285-1",803,562,-241,241,331
FLEXID-0804,"Code civil, art. 285-1",804,231,-573,573,331
FLEXID-0805,"Code civil, art. 299",805,126,-679,679,331
FLEXID-0806,"Code civil, art. 299",806,457,-349,349,331
FLEXID-0807,"Code civil, art. 299",807,788,-19,19,331
FLEXID-0808,"Code civil, art. 300",808,951,143,143,331
FLEXID-0809,"Code civil, art. 300",809,620,-189,189,331
FLEXID-0810,"Code civil, art. 300",810,289,-521,521,331
FLEXID-0811,"Code civil, art. 306",811,965,154,154,452
FLEXID-0812,"Code civil, art. 306",812,513,-299,299,331
FLEXID-0813,"Code civil, art. 306",813,182,-631,631,331
FLEXID-0814,"Code civil, art. 307",814,835,21,21,336
FLEXID-0815,"Code civil, art. 307",815,499,-316,316,331
FLEXID-0816,"Code civil, art. 307",816,168,-648,648,331
FLEXID-0817,"Code civil, art. 308",817,909,92,92,331
FLEXID-0818,"Code civil, art. 308",818,578,-240,240,331
FLEXID-0819,"Code civil, art. 308",819,247,-572,572,331
FLEXID-0820,"Code civil, art. 311",820,964,144,144,362
FLEXID-0821,"Code civil, art. 311",821,602,-219,219,331
FLEXID-0822,"Code civil, art. 311",822,271,-551,551,331
FLEXID-0823,"Code civil, art. 311-14",823,152,-671,671,331
FLEXID-0824,"Code civil, art. 311-14",824,483,-341,341,331
FLEXID-0825,"Code civil, art. 311-14",825,814,-11,11,331
FLEXID-0826,"Code civil, art. 311-15",826,946,120,120,458
FLEXID-0827,"Code civil, art. 311-15",827,488,-339,339,331
FLEXID-0828,"Code civil, art. 311-15",828,157,-671,671,331
FLEXID-0829,"Code civil, art. 311-17",829,87,-742,742,331
FLEXID-0830,"Code civil, art. 311-17",830,418,-412,412,331
FLEXID-0831,"Code civil, art. 311-17",831,749,-82,82,331
FLEXID-0832,"Code civil, art. 311-24-1",832,845,13,13,331
FLEXID-0833,"Code civil, art. 311-24-1",833,514,-319,319,331
FLEXID-0834,"Code civil, art. 311-24-1",834,183,-651,651,331
FLEXID-0835,"Code civil, art. 311-25",835,115,-720,720,331
FLEXID-0836,"Code civil, art. 311-25",836,446,-390,390,331
FLEXID-0837,"Code civil, art. 311-25",837,777,-60,60,331
FLEXID-0838,"Code civil, art. 313",838,78,-760,760,331
FLEXID-0839,"Code civil, art. 313",839,409,-430,430,331
FLEXID-0840,"Code civil, art. 313",840,740,-100,100,331
FLEXID-0841,"Code civil, art. 316-3",841,871,30,30,331
FLEXID-0842,"Code civil, art. 316-3",842,540,-302,302,331
FLEXID-0843,"Code civil, art. 316-3",843,209,-634,634,331
FLEXID-0844,"Code civil, art. 316-4",844,954,110,110,331
FLEXID-0845,"Code civil, art. 316-4",845,623,-222,222,331
FLEXID-0846,"Code civil, art. 316-4",846,292,-554,554,331
FLEXID-0847,"Code civil, art. 318",847,149,-698,698,331
FLEXID-0848,"Code civil, art. 318",848,480,-368,368,331
FLEXID-0849,"Code civil, art. 318",849,830,-19,19,350
FLEXID-0850,"Code civil, art. 318-1",850,29,-821,821,331
FLEXID-0851,"Code civil, art. 318-1",851,360,-491,491,331
FLEXID-0852,"Code civil, art. 318-1",852,691,-161,161,331
FLEXID-0853,"Code civil, art. 319",853,899,46,46,331
FLEXID-0854,"Code civil, art. 319",854,568,-286,286,331
FLEXID-0855,"Code civil, art. 319",855,237,-618,618,331
FLEXID-0856,"Code civil, art. 321",856,908,52,52,331
FLEXID-0857,"Code civil, art. 321",857,577,-280,280,331
FLEXID-0858,"Code civil, art. 321",858,246,-612,612,331
FLEXID-0859,"Code civil, art. 322",859,127,-732,732,331
FLEXID-0860,"Code civil, art. 322",860,458,-402,402,331
FLEXID-0861,"Code civil, art. 322",861,789,-72,72,331
FLEXID-0862,"Code civil, art. 323",862,122,-740,740,331
FLEXID-0863,"Code civil, art. 323",863,453,-410,410,331
FLEXID-0864,"Code civil, art. 323",864,784,-80,80,331
FLEXID-0865,"Code civil, art. 325",865,129,-736,736,331
FLEXID-0866,"Code civil, art. 325",866,460,-406,406,331
FLEXID-0867,"Code civil, art. 325",867,791,-76,76,331
FLEXID-0868,"Code civil, art. 326",868,916,48,48,331
FLEXID-0869,"Code civil, art. 326",869,585,-284,284,331
FLEXID-0870,"Code civil, art. 326",870,254,-616,616,331
FLEXID-0871,"Code civil, art. 327",871,915,44,44,331
FLEXID-0872,"Code civil, art. 327",872,584,-288,288,331
FLEXID-0873,"Code civil, art. 327",873,253,-620,620,331
FLEXID-0874,"Code civil, art. 330",874,136,-738,738,331
FLEXID-0875,"Code civil, art. 330",875,467,-408,408,331
FLEXID-0876,"Code civil, art. 330",876,798,-78,78,331
FLEXID-0877,"Code civil, art. 331",877,160,-717,717,331
FLEXID-0878,"Code civil, art. 331",878,491,-387,387,331
FLEXID-0879,"Code civil, art. 331",879,822,-57,57,331
FLEXID-0880,"Code civil, art. 332",880,978,98,98,360
FLEXID-0881,"Code civil, art. 332",881,618,-263,263,331
FLEXID-0882,"Code civil, art. 332",882,287,-595,595,331
FLEXID-0883,"Code civil, art. 335",883,214,-669,669,331
FLEXID-0884,"Code civil, art. 335",884,545,-339,339,331
FLEXID-0885,"Code civil, art. 335",885,876,-9,9,331
FLEXID-0886,"Code civil, art. 336",886,224,-662,662,331
FLEXID-0887,"Code civil, art. 336",887,555,-332,332,331
FLEXID-0888,"Code civil, art. 336",888,886,-2,2,331
FLEXID-0889,"Code civil, art. 337",889,953,64,64,331
FLEXID-0890,"Code civil, art. 337",890,622,-268,268,331
FLEXID-0891,"Code civil, art. 337",891,291,-600,600,331
FLEXID-0892,"Code civil, art. 342-2",892,27,-865,865,331
FLEXID-0893,"Code civil, art. 342-2",893,358,-535,535,331
FLEXID-0894,"Code civil, art. 342-2",894,689,-205,205,331
FLEXID-0895,"Code civil, art. 342-4",895,992,97,97,377
FLEXID-0896,"Code civil, art. 342-4",896,615,-281,281,331
FLEXID-0897,"Code civil, art. 342-4",897,284,-613,613,331
FLEXID-0898,"Code civil, art. 342-8",898,968,70,70,372
FLEXID-0899,"Code civil, art. 342-8",899,596,-303,303,331
FLEXID-0900,"Code civil, art. 342-8",900,265,-635,635,331
FLEXID-0901,"Code civil, art. 342-9",901,137,-764,764,331
FLEXID-0902,"Code civil, art. 342-9",902,468,-434,434,331
FLEXID-0903,"Code civil, art. 342-9",903,799,-104,104,331
FLEXID-0904,"Code civil, art. 343",904,910,6,6,331
FLEXID-0905,"Code civil, art. 343",905,579,-326,326,331
FLEXID-0906,"Code civil, art. 343",906,248,-658,658,331
FLEXID-0907,"Code civil, art. 343-1",907,35,-872,872,331
FLEXID-0908,"Code civil, art. 343-1",908,366,-542,542,331
FLEXID-0909,"Code civil, art. 343-1",909,697,-212,212,331
FLEXID-0910,"Code civil, art. 345-1",910,142,-768,768,331
FLEXID-0911,"Code civil, art. 345-1",911,473,-438,438,331
FLEXID-0912,"Code civil, art. 345-1",912,804,-108,108,331
FLEXID-0913,"Code civil, art. 345-2",913,103,-810,810,331
FLEXID-0914,"Code civil, art. 345-2",914,434,-480,480,331
FLEXID-0915,"Code civil, art. 345-2",915,765,-150,150,331
FLEXID-0916,"Code civil, art. 347",916,969,53,53,590
FLEXID-0917,"Code civil, art. 347",917,379,-538,538,331
FLEXID-0918,"Code civil, art. 347",918,48,-870,870,331
FLEXID-0919,"Code civil, art. 348",919,164,-755,755,331
FLEXID-0920,"Code civil, art. 348",920,495,-425,425,331
FLEXID-0921,"Code civil, art. 348",921,826,-95,95,331
FLEXID-0922,"Code civil, art. 348-1",922,51,-871,871,331
FLEXID-0923,"Code civil, art. 348-1",923,382,-541,541,331
FLEXID-0924,"Code civil, art. 348-1",924,811,-113,113,429
FLEXID-0925,"Code civil, art. 348-2",925,79,-846,846,331
FLEXID-0926,"Code civil, art. 348-2",926,410,-516,516,331
FLEXID-0927,"Code civil, art. 348-2",927,741,-186,186,331
FLEXID-0928,"Code civil, art. 348-3",928,84,-844,844,331
FLEXID-0929,"Code civil, art. 348-3",929,415,-514,514,331
FLEXID-0930,"Code civil, art. 348-3",930,746,-184,184,331
FLEXID-0931,"Code civil, art. 348-5",931,971,40,40,385
FLEXID-0932,"Code civil, art. 348-5",932,586,-346,346,331
FLEXID-0933,"Code civil, art. 348-5",933,255,-678,678,331
FLEXID-0934,"Code civil, art. 348-6",934,207,-727,727,331
FLEXID-0935,"Code civil, art. 348-6",935,538,-397,397,331
FLEXID-0936,"Code civil, art. 348-6",936,869,-67,67,331
FLEXID-0937,"Code civil, art. 348-7",937,272,-665,665,331
FLEXID-0938,"Code civil, art. 348-7",938,603,-335,335,331
FLEXID-0939,"Code civil, art. 348-7",939,934,-5,5,331
FLEXID-0940,"Code civil, art. 349",940,944,4,4,331
FLEXID-0941,"Code civil, art. 349",941,613,-328,328,331
FLEXID-0942,"Code civil, art. 349",942,282,-660,660,331
FLEXID-0943,"Code civil, art. 350",943,68,-875,875,331
FLEXID-0944,"Code civil, art. 350",944,399,-545,545,331
FLEXID-0945,"Code civil, art. 350",945,757,-188,188,358
FLEXID-0946,"Code civil, art. 351",946,974,28,28,530
FLEXID-0947,"Code civil, art. 351",947,444,-503,503,331
FLEXID-0948,"Code civil, art. 351",948,113,-835,835,331
FLEXID-0949,"Code civil, art. 352",949,192,-757,757,331
FLEXID-0950,"Code civil, art. 352",950,523,-427,427,331
FLEXID-0951,"Code civil, art. 352",951,854,-97,97,331
FLEXID-0952,"Code civil, art. 352-1",952,145,-807,807,331
FLEXID-0953,"Code civil, art. 352-1",953,476,-477,477,331
FLEXID-0954,"Code civil, art. 352-1",954,807,-147,147,331
FLEXID-0955,"Code civil, art. 352-2",955,81,-874,874,331
FLEXID-0956,"Code civil, art. 352-2",956,412,-544,544,331
FLEXID-0957,"Code civil, art. 352-2",957,743,-214,214,331
FLEXID-0958,"Code civil, art. 353",958,141,-817,817,331
FLEXID-0959,"Code civil, art. 353",959,472,-487,487,331
FLEXID-0960,"Code civil, art. 353",960,803,-157,157,331
FLEXID-0961,"Code civil, art. 354",961,979,18,18,436
FLEXID-0962,"Code civil, art. 354",962,543,-419,419,331
FLEXID-0963,"Code civil, art. 354",963,212,-751,751,331
FLEXID-0964,"Code civil, art. 355",964,89,-875,875,331
FLEXID-0965,"Code civil, art. 355",965,420,-545,545,331
FLEXID-0966,"Code civil, art. 355",966,751,-215,215,331
FLEXID-0967,"Code civil, art. 359",967,21,-946,946,331
FLEXID-0968,"Code civil, art. 359",968,352,-616,616,331
FLEXID-0969,"Code civil, art. 359",969,683,-286,286,331
FLEXID-0970,"Code civil, art. 362",970,106,-864,864,331
FLEXID-0971,"Code civil, art. 362",971,437,-534,534,331
FLEXID-0972,"Code civil, art. 362",972,768,-204,204,331
FLEXID-0973,"Code civil, art. 363",973,39,-934,934,331
FLEXID-0974,"Code civil, art. 363",974,370,-604,604,331
FLEXID-0975,"Code civil, art. 363",975,701,-274,274,331
FLEXID-0976,"Code civil, art. 364",976,194,-782,782,331
FLEXID-0977,"Code civil, art. 364",977,525,-452,452,331
FLEXID-0978,"Code civil, art. 364",978,856,-122,122,331
FLEXID-0979,"Code civil, art. 366",979,294,-685,685,331
FLEXID-0980,"Code civil, art. 366",980,625,-355,355,331
FLEXID-0981,"Code civil, art. 366",981,956,-25,25,331
FLEXID-0982,"Code civil, art. 367",982,69,-913,913,331
FLEXID-0983,"Code civil, art. 367",983,400,-583,583,331
FLEXID-0984,"Code civil, art. 367",984,731,-253,253,331
FLEXID-0985,"Code civil, art. 368",985,274,-711,711,331
FLEXID-0986,"Code civil, art. 368",986,605,-381,381,331
FLEXID-0987,"Code civil, art. 368",987,936,-51,51,331
FLEXID-0988,"Code civil, art. 369-1",988,269,-719,719,331
FLEXID-0989,"Code civil, art. 369-1",989,600,-389,389,331
FLEXID-0990,"Code civil, art. 369-1",990,931,-59,59,331
FLEXID-0991,"Code civil, art. 370-1",991,223,-768,768,331
FLEXID-0992,"Code civil, art. 370-1",992,554,-438,438,331
FLEXID-0993,"Code civil, art. 370-1",993,885,-108,108,331
FLEXID-0994,"Code civil, art. 370-1-1",994,101,-893,893,331
FLEXID-0995,"Code civil, art. 370-1-1",995,432,-563,563,331
FLEXID-0996,"Code civil, art. 370-1-1",996,763,-233,233,331
FLEXID-0997,"Code civil, art. 370-1-2",997,94,-903,903,331
FLEXID-0998,"Code civil, art. 370-1-2",998,425,-573,573,331
FLEXID-0999,"Code civil, art. 370-1-2",999,756,-243,243,331
FLEXID-1000,"Code civil, art. 370-1-4",1000,187,-813,813,331
FLEXID-1001,"Code civil, art. 370-1-4",1001,518,-483,483,331
FLEXID-1002,"Code civil, art. 370-1-4",1002,849,-153,153,331
